[{"id":"34861628-f4a6-4e8d-8d9b-fc3c5e0a8d8e","name":"My Page with Charts","codename":"my_page_with_charts","type":{"id":"6b49c4eb-86fc-4004-817f-842f4d593fa5"},"sitemap_locations":[],"last_modified":"2020-08-14T17:45:09.6313858Z"},{"id":"121c0db0-8070-4cc1-a882-a1aa9ca7283b","name":"Q1 2020 Bar Graph","codename":"q1_2020_bar_graph","type":{"id":"0fdec8bd-ce1a-458f-bea9-5f85650e3ff2"},"sitemap_locations":[],"last_modified":"2020-08-17T12:39:31.1259315Z"},{"id":"7061f053-06f8-4b39-ac21-eacceded890d","name":"Q1 2020 Line Graph","codename":"q1_2020_line_graph","type":{"id":"e38cd556-97f0-4214-bf66-31ce2b6e6896"},"sitemap_locations":[],"last_modified":"2020-08-19T15:48:23.2910971Z"}]