[{"elements":[{"element":{"id":"5d3983f0-94aa-499e-8c78-c14c8a70c8d3"},"value":"A Page with Charts/Graphs!"},{"components":[],"element":{"id":"fa44a44a-5b09-492b-b3c6-ea2578fce8e7"},"value":"<p>Below are the monthly earnings!</p>\n<object type=\"application/kenticocloud\" data-type=\"item\" data-id=\"121c0db0-8070-4cc1-a882-a1aa9ca7283b\"></object>\n<object type=\"application/kenticocloud\" data-type=\"item\" data-id=\"7061f053-06f8-4b39-ac21-eacceded890d\"></object>"}],"workflow_step":{"id":"c199950d-99f0-4983-b711-6c4c91624b22"},"item":{"id":"34861628-f4a6-4e8d-8d9b-fc3c5e0a8d8e"},"language":{"id":"00000000-0000-0000-0000-000000000000"},"last_modified":"2020-08-20T13:03:17.2492632Z"},{"elements":[{"element":{"id":"40a1d155-7dac-4e9f-a0ce-2f29f6fd50c5"},"value":300},{"element":{"id":"c3af7834-c321-4159-8f39-f504645daf35"},"value":600},{"element":{"id":"f58f1077-0185-41d0-8e95-c97546282164"},"value":[{"id":"87c3266d-48de-4039-9af2-5212ef360b62"}]},{"components":[{"id":"38bc280e-fa27-4ca0-ba5f-b59d9538df14","type":{"id":"947e26f6-9d36-4763-8364-6de0db23239c"},"elements":[{"element":{"id":"111ef72e-4c44-4537-aef7-ff8bccdce29b"},"value":"January"}]},{"id":"66db2f23-23d9-49c4-aa47-f41fd3d00940","type":{"id":"947e26f6-9d36-4763-8364-6de0db23239c"},"elements":[{"element":{"id":"111ef72e-4c44-4537-aef7-ff8bccdce29b"},"value":"February"}]},{"id":"889faf51-8839-4a1d-b76e-cbfdfa81da0f","type":{"id":"947e26f6-9d36-4763-8364-6de0db23239c"},"elements":[{"element":{"id":"111ef72e-4c44-4537-aef7-ff8bccdce29b"},"value":"March"}]}],"element":{"id":"ea7ee744-ca3b-4e19-ba63-2b9af1ccaa11"},"value":"<object type=\"application/kenticocloud\" data-type=\"component\" data-id=\"38bc280e-fa27-4ca0-ba5f-b59d9538df14\"></object>\n<object type=\"application/kenticocloud\" data-type=\"component\" data-id=\"66db2f23-23d9-49c4-aa47-f41fd3d00940\"></object>\n<object type=\"application/kenticocloud\" data-type=\"component\" data-id=\"889faf51-8839-4a1d-b76e-cbfdfa81da0f\"></object>"},{"components":[{"id":"0b5c9278-7c1b-4a66-b860-d845b4daf602","type":{"id":"01a99047-64c0-4c33-a399-10b01c89b62e"},"elements":[{"element":{"id":"43738698-0e94-4a9a-a9fa-316c4e490817"},"value":"Revenues"},{"components":[{"id":"6b25b832-ffe4-432f-8183-1a31de08c814","type":{"id":"881a8dbc-7541-49d7-8ba4-2e9fc834e739"},"elements":[{"element":{"id":"c30e7414-d956-48b1-95b5-997774f8ea04"},"value":18000}]},{"id":"3b9e5a37-2513-45b4-8519-ceb0b2299dd1","type":{"id":"881a8dbc-7541-49d7-8ba4-2e9fc834e739"},"elements":[{"element":{"id":"c30e7414-d956-48b1-95b5-997774f8ea04"},"value":21000}]},{"id":"b5ed5479-af03-45ea-98ac-a9973718f85a","type":{"id":"881a8dbc-7541-49d7-8ba4-2e9fc834e739"},"elements":[{"element":{"id":"c30e7414-d956-48b1-95b5-997774f8ea04"},"value":14000}]}],"element":{"id":"04ebf35c-ebe5-4b0f-99b1-45c6661dd416"},"value":"<object type=\"application/kenticocloud\" data-type=\"component\" data-id=\"6b25b832-ffe4-432f-8183-1a31de08c814\"></object>\n<object type=\"application/kenticocloud\" data-type=\"component\" data-id=\"3b9e5a37-2513-45b4-8519-ceb0b2299dd1\"></object>\n<object type=\"application/kenticocloud\" data-type=\"component\" data-id=\"b5ed5479-af03-45ea-98ac-a9973718f85a\"></object>"},{"element":{"id":"91bda971-0bfa-4302-8d1c-38afae2f4c77"},"value":[{"id":"973fccd6-48a5-4cc1-b2a1-fc91c6f3c443"}]},{"element":{"id":"9500a216-9e6c-430f-9ea5-8c33fddb432b"},"value":[{"id":"55093b8c-419a-4e4d-8607-dc9cad14568b"}]},{"element":{"id":"2509e7ee-7277-48f1-995f-f5971505fc8f"},"value":2}]},{"id":"f2db88f7-b892-4367-be5b-f2b7ad2f5980","type":{"id":"01a99047-64c0-4c33-a399-10b01c89b62e"},"elements":[{"element":{"id":"43738698-0e94-4a9a-a9fa-316c4e490817"},"value":"Expenses"},{"components":[{"id":"3873c3c4-47b4-47ec-8887-d4c2481898ab","type":{"id":"881a8dbc-7541-49d7-8ba4-2e9fc834e739"},"elements":[{"element":{"id":"c30e7414-d956-48b1-95b5-997774f8ea04"},"value":10000}]},{"id":"b834580b-4243-4664-bbb0-bae26eb1a4b7","type":{"id":"881a8dbc-7541-49d7-8ba4-2e9fc834e739"},"elements":[{"element":{"id":"c30e7414-d956-48b1-95b5-997774f8ea04"},"value":8000}]},{"id":"5fc05b52-9cb9-484a-ba24-dbfc22aa3d0c","type":{"id":"881a8dbc-7541-49d7-8ba4-2e9fc834e739"},"elements":[{"element":{"id":"c30e7414-d956-48b1-95b5-997774f8ea04"},"value":12000}]}],"element":{"id":"04ebf35c-ebe5-4b0f-99b1-45c6661dd416"},"value":"<object type=\"application/kenticocloud\" data-type=\"component\" data-id=\"3873c3c4-47b4-47ec-8887-d4c2481898ab\"></object>\n<object type=\"application/kenticocloud\" data-type=\"component\" data-id=\"b834580b-4243-4664-bbb0-bae26eb1a4b7\"></object>\n<object type=\"application/kenticocloud\" data-type=\"component\" data-id=\"5fc05b52-9cb9-484a-ba24-dbfc22aa3d0c\"></object>"},{"element":{"id":"91bda971-0bfa-4302-8d1c-38afae2f4c77"},"value":[{"id":"973fccd6-48a5-4cc1-b2a1-fc91c6f3c443"}]},{"element":{"id":"9500a216-9e6c-430f-9ea5-8c33fddb432b"},"value":[{"id":"2f36ca9c-84fc-47e1-88b0-00c174289354"}]},{"element":{"id":"2509e7ee-7277-48f1-995f-f5971505fc8f"},"value":2}]}],"element":{"id":"a7708a77-a324-48bf-bb64-72ca01704e37"},"value":"<object type=\"application/kenticocloud\" data-type=\"component\" data-id=\"0b5c9278-7c1b-4a66-b860-d845b4daf602\"></object>\n<object type=\"application/kenticocloud\" data-type=\"component\" data-id=\"f2db88f7-b892-4367-be5b-f2b7ad2f5980\"></object>"}],"workflow_step":{"id":"c199950d-99f0-4983-b711-6c4c91624b22"},"item":{"id":"7061f053-06f8-4b39-ac21-eacceded890d"},"language":{"id":"00000000-0000-0000-0000-000000000000"},"last_modified":"2020-08-19T15:47:43.5387444Z"},{"elements":[{"element":{"id":"20af41bd-ac02-4dd9-a669-2b78559dbaf7"},"value":300},{"element":{"id":"34e9851a-91a2-4f9f-92b1-5bf5454e3300"},"value":600},{"element":{"id":"4f1ca264-0f8b-4604-b93b-374f1a4f714d"},"value":[{"id":"87c3266d-48de-4039-9af2-5212ef360b62"}]},{"components":[{"id":"44a3fa64-9d63-4fe2-b449-d969635fb4b3","type":{"id":"947e26f6-9d36-4763-8364-6de0db23239c"},"elements":[{"element":{"id":"111ef72e-4c44-4537-aef7-ff8bccdce29b"},"value":"January"}]},{"id":"16d7c27e-a8f5-4729-b991-ffb526e06aea","type":{"id":"947e26f6-9d36-4763-8364-6de0db23239c"},"elements":[{"element":{"id":"111ef72e-4c44-4537-aef7-ff8bccdce29b"},"value":"February"}]},{"id":"5f41422b-9655-4424-84ce-e0b6ed706cf9","type":{"id":"947e26f6-9d36-4763-8364-6de0db23239c"},"elements":[{"element":{"id":"111ef72e-4c44-4537-aef7-ff8bccdce29b"},"value":"March"}]}],"element":{"id":"ce5a5678-3ec9-4361-89e2-d578aa453997"},"value":"<object type=\"application/kenticocloud\" data-type=\"component\" data-id=\"44a3fa64-9d63-4fe2-b449-d969635fb4b3\"></object>\n<object type=\"application/kenticocloud\" data-type=\"component\" data-id=\"16d7c27e-a8f5-4729-b991-ffb526e06aea\"></object>\n<object type=\"application/kenticocloud\" data-type=\"component\" data-id=\"5f41422b-9655-4424-84ce-e0b6ed706cf9\"></object>"},{"components":[{"id":"4d685e28-8373-40d7-b142-012937e4b7fd","type":{"id":"01a99047-64c0-4c33-a399-10b01c89b62e"},"elements":[{"element":{"id":"43738698-0e94-4a9a-a9fa-316c4e490817"},"value":"2019 Sales"},{"components":[{"id":"bad30234-bab1-433d-864d-ad56f09cad3f","type":{"id":"881a8dbc-7541-49d7-8ba4-2e9fc834e739"},"elements":[{"element":{"id":"c30e7414-d956-48b1-95b5-997774f8ea04"},"value":18000}]},{"id":"783054e7-a252-49c5-b115-29d8c9474dfb","type":{"id":"881a8dbc-7541-49d7-8ba4-2e9fc834e739"},"elements":[{"element":{"id":"c30e7414-d956-48b1-95b5-997774f8ea04"},"value":21000}]},{"id":"aa6c859f-ef41-4526-a73d-9a2b5e424f2a","type":{"id":"881a8dbc-7541-49d7-8ba4-2e9fc834e739"},"elements":[{"element":{"id":"c30e7414-d956-48b1-95b5-997774f8ea04"},"value":14000}]}],"element":{"id":"04ebf35c-ebe5-4b0f-99b1-45c6661dd416"},"value":"<object type=\"application/kenticocloud\" data-type=\"component\" data-id=\"bad30234-bab1-433d-864d-ad56f09cad3f\"></object>\n<object type=\"application/kenticocloud\" data-type=\"component\" data-id=\"783054e7-a252-49c5-b115-29d8c9474dfb\"></object>\n<object type=\"application/kenticocloud\" data-type=\"component\" data-id=\"aa6c859f-ef41-4526-a73d-9a2b5e424f2a\"></object>"},{"element":{"id":"91bda971-0bfa-4302-8d1c-38afae2f4c77"},"value":[{"id":"6966d8ce-6301-45a8-a561-7d5ffd87eae5"}]},{"element":{"id":"9500a216-9e6c-430f-9ea5-8c33fddb432b"},"value":[{"id":"2f36ca9c-84fc-47e1-88b0-00c174289354"}]},{"element":{"id":"2509e7ee-7277-48f1-995f-f5971505fc8f"},"value":2}]},{"id":"5f505432-a4cc-4340-97a1-ba284d03f163","type":{"id":"01a99047-64c0-4c33-a399-10b01c89b62e"},"elements":[{"element":{"id":"43738698-0e94-4a9a-a9fa-316c4e490817"},"value":"2020 Sales"},{"components":[{"id":"07aa95c3-a7f7-4b5d-bad5-2beb77bcd91a","type":{"id":"881a8dbc-7541-49d7-8ba4-2e9fc834e739"},"elements":[{"element":{"id":"c30e7414-d956-48b1-95b5-997774f8ea04"},"value":25000}]},{"id":"46d1b70b-10d0-4eb4-86b8-f9e1fbe5685d","type":{"id":"881a8dbc-7541-49d7-8ba4-2e9fc834e739"},"elements":[{"element":{"id":"c30e7414-d956-48b1-95b5-997774f8ea04"},"value":31000}]},{"id":"ac8ebac6-222b-42bc-9bc8-66a9e2398ae5","type":{"id":"881a8dbc-7541-49d7-8ba4-2e9fc834e739"},"elements":[{"element":{"id":"c30e7414-d956-48b1-95b5-997774f8ea04"},"value":32000}]}],"element":{"id":"04ebf35c-ebe5-4b0f-99b1-45c6661dd416"},"value":"<object type=\"application/kenticocloud\" data-type=\"component\" data-id=\"07aa95c3-a7f7-4b5d-bad5-2beb77bcd91a\"></object>\n<object type=\"application/kenticocloud\" data-type=\"component\" data-id=\"46d1b70b-10d0-4eb4-86b8-f9e1fbe5685d\"></object>\n<object type=\"application/kenticocloud\" data-type=\"component\" data-id=\"ac8ebac6-222b-42bc-9bc8-66a9e2398ae5\"></object>"},{"element":{"id":"91bda971-0bfa-4302-8d1c-38afae2f4c77"},"value":[{"id":"da840b3d-447e-41de-a331-8d28c53127ab"}]},{"element":{"id":"9500a216-9e6c-430f-9ea5-8c33fddb432b"},"value":[{"id":"55093b8c-419a-4e4d-8607-dc9cad14568b"}]},{"element":{"id":"2509e7ee-7277-48f1-995f-f5971505fc8f"},"value":2}]}],"element":{"id":"3bbe0872-4f55-4e29-9a28-9007668b5c4b"},"value":"<object type=\"application/kenticocloud\" data-type=\"component\" data-id=\"4d685e28-8373-40d7-b142-012937e4b7fd\"></object>\n<object type=\"application/kenticocloud\" data-type=\"component\" data-id=\"5f505432-a4cc-4340-97a1-ba284d03f163\"></object>"}],"workflow_step":{"id":"c199950d-99f0-4983-b711-6c4c91624b22"},"item":{"id":"121c0db0-8070-4cc1-a882-a1aa9ca7283b"},"language":{"id":"00000000-0000-0000-0000-000000000000"},"last_modified":"2020-08-19T15:43:43.5895804Z"},{"elements":[{"element":{"id":"40a1d155-7dac-4e9f-a0ce-2f29f6fd50c5"},"value":300},{"element":{"id":"c3af7834-c321-4159-8f39-f504645daf35"},"value":600},{"element":{"id":"f58f1077-0185-41d0-8e95-c97546282164"},"value":[{"id":"87c3266d-48de-4039-9af2-5212ef360b62"}]},{"components":[{"id":"38bc280e-fa27-4ca0-ba5f-b59d9538df14","type":{"id":"947e26f6-9d36-4763-8364-6de0db23239c"},"elements":[{"element":{"id":"111ef72e-4c44-4537-aef7-ff8bccdce29b"},"value":"January"}]},{"id":"66db2f23-23d9-49c4-aa47-f41fd3d00940","type":{"id":"947e26f6-9d36-4763-8364-6de0db23239c"},"elements":[{"element":{"id":"111ef72e-4c44-4537-aef7-ff8bccdce29b"},"value":"February"}]},{"id":"889faf51-8839-4a1d-b76e-cbfdfa81da0f","type":{"id":"947e26f6-9d36-4763-8364-6de0db23239c"},"elements":[{"element":{"id":"111ef72e-4c44-4537-aef7-ff8bccdce29b"},"value":"March"}]}],"element":{"id":"ea7ee744-ca3b-4e19-ba63-2b9af1ccaa11"},"value":"<object type=\"application/kenticocloud\" data-type=\"component\" data-id=\"38bc280e-fa27-4ca0-ba5f-b59d9538df14\"></object>\n<object type=\"application/kenticocloud\" data-type=\"component\" data-id=\"66db2f23-23d9-49c4-aa47-f41fd3d00940\"></object>\n<object type=\"application/kenticocloud\" data-type=\"component\" data-id=\"889faf51-8839-4a1d-b76e-cbfdfa81da0f\"></object>"},{"components":[{"id":"0b5c9278-7c1b-4a66-b860-d845b4daf602","type":{"id":"01a99047-64c0-4c33-a399-10b01c89b62e"},"elements":[{"element":{"id":"43738698-0e94-4a9a-a9fa-316c4e490817"},"value":"Revenues"},{"components":[{"id":"6b25b832-ffe4-432f-8183-1a31de08c814","type":{"id":"881a8dbc-7541-49d7-8ba4-2e9fc834e739"},"elements":[{"element":{"id":"c30e7414-d956-48b1-95b5-997774f8ea04"},"value":18000}]},{"id":"3b9e5a37-2513-45b4-8519-ceb0b2299dd1","type":{"id":"881a8dbc-7541-49d7-8ba4-2e9fc834e739"},"elements":[{"element":{"id":"c30e7414-d956-48b1-95b5-997774f8ea04"},"value":21000}]},{"id":"b5ed5479-af03-45ea-98ac-a9973718f85a","type":{"id":"881a8dbc-7541-49d7-8ba4-2e9fc834e739"},"elements":[{"element":{"id":"c30e7414-d956-48b1-95b5-997774f8ea04"},"value":14000}]}],"element":{"id":"04ebf35c-ebe5-4b0f-99b1-45c6661dd416"},"value":"<object type=\"application/kenticocloud\" data-type=\"component\" data-id=\"6b25b832-ffe4-432f-8183-1a31de08c814\"></object>\n<object type=\"application/kenticocloud\" data-type=\"component\" data-id=\"3b9e5a37-2513-45b4-8519-ceb0b2299dd1\"></object>\n<object type=\"application/kenticocloud\" data-type=\"component\" data-id=\"b5ed5479-af03-45ea-98ac-a9973718f85a\"></object>"},{"element":{"id":"91bda971-0bfa-4302-8d1c-38afae2f4c77"},"value":[{"id":"973fccd6-48a5-4cc1-b2a1-fc91c6f3c443"}]},{"element":{"id":"9500a216-9e6c-430f-9ea5-8c33fddb432b"},"value":[{"id":"55093b8c-419a-4e4d-8607-dc9cad14568b"}]},{"element":{"id":"2509e7ee-7277-48f1-995f-f5971505fc8f"},"value":2}]},{"id":"f2db88f7-b892-4367-be5b-f2b7ad2f5980","type":{"id":"01a99047-64c0-4c33-a399-10b01c89b62e"},"elements":[{"element":{"id":"43738698-0e94-4a9a-a9fa-316c4e490817"},"value":"Expenses"},{"components":[{"id":"3873c3c4-47b4-47ec-8887-d4c2481898ab","type":{"id":"881a8dbc-7541-49d7-8ba4-2e9fc834e739"},"elements":[{"element":{"id":"c30e7414-d956-48b1-95b5-997774f8ea04"},"value":10000}]},{"id":"b834580b-4243-4664-bbb0-bae26eb1a4b7","type":{"id":"881a8dbc-7541-49d7-8ba4-2e9fc834e739"},"elements":[{"element":{"id":"c30e7414-d956-48b1-95b5-997774f8ea04"},"value":8000}]},{"id":"5fc05b52-9cb9-484a-ba24-dbfc22aa3d0c","type":{"id":"881a8dbc-7541-49d7-8ba4-2e9fc834e739"},"elements":[{"element":{"id":"c30e7414-d956-48b1-95b5-997774f8ea04"},"value":12000}]}],"element":{"id":"04ebf35c-ebe5-4b0f-99b1-45c6661dd416"},"value":"<object type=\"application/kenticocloud\" data-type=\"component\" data-id=\"3873c3c4-47b4-47ec-8887-d4c2481898ab\"></object>\n<object type=\"application/kenticocloud\" data-type=\"component\" data-id=\"b834580b-4243-4664-bbb0-bae26eb1a4b7\"></object>\n<object type=\"application/kenticocloud\" data-type=\"component\" data-id=\"5fc05b52-9cb9-484a-ba24-dbfc22aa3d0c\"></object>"},{"element":{"id":"91bda971-0bfa-4302-8d1c-38afae2f4c77"},"value":[{"id":"973fccd6-48a5-4cc1-b2a1-fc91c6f3c443"}]},{"element":{"id":"9500a216-9e6c-430f-9ea5-8c33fddb432b"},"value":[{"id":"2f36ca9c-84fc-47e1-88b0-00c174289354"}]},{"element":{"id":"2509e7ee-7277-48f1-995f-f5971505fc8f"},"value":2}]}],"element":{"id":"a7708a77-a324-48bf-bb64-72ca01704e37"},"value":"<object type=\"application/kenticocloud\" data-type=\"component\" data-id=\"0b5c9278-7c1b-4a66-b860-d845b4daf602\"></object>\n<object type=\"application/kenticocloud\" data-type=\"component\" data-id=\"f2db88f7-b892-4367-be5b-f2b7ad2f5980\"></object>"}],"workflow_step":{"id":"c199950d-99f0-4983-b711-6c4c91624b22"},"item":{"id":"7061f053-06f8-4b39-ac21-eacceded890d"},"language":{"id":"00000000-0000-0000-0000-000000000000"},"last_modified":"2020-08-19T15:47:43.5387444Z"},{"elements":[{"element":{"id":"20af41bd-ac02-4dd9-a669-2b78559dbaf7"},"value":300},{"element":{"id":"34e9851a-91a2-4f9f-92b1-5bf5454e3300"},"value":600},{"element":{"id":"4f1ca264-0f8b-4604-b93b-374f1a4f714d"},"value":[{"id":"87c3266d-48de-4039-9af2-5212ef360b62"}]},{"components":[{"id":"44a3fa64-9d63-4fe2-b449-d969635fb4b3","type":{"id":"947e26f6-9d36-4763-8364-6de0db23239c"},"elements":[{"element":{"id":"111ef72e-4c44-4537-aef7-ff8bccdce29b"},"value":"January"}]},{"id":"16d7c27e-a8f5-4729-b991-ffb526e06aea","type":{"id":"947e26f6-9d36-4763-8364-6de0db23239c"},"elements":[{"element":{"id":"111ef72e-4c44-4537-aef7-ff8bccdce29b"},"value":"February"}]},{"id":"5f41422b-9655-4424-84ce-e0b6ed706cf9","type":{"id":"947e26f6-9d36-4763-8364-6de0db23239c"},"elements":[{"element":{"id":"111ef72e-4c44-4537-aef7-ff8bccdce29b"},"value":"March"}]}],"element":{"id":"ce5a5678-3ec9-4361-89e2-d578aa453997"},"value":"<object type=\"application/kenticocloud\" data-type=\"component\" data-id=\"44a3fa64-9d63-4fe2-b449-d969635fb4b3\"></object>\n<object type=\"application/kenticocloud\" data-type=\"component\" data-id=\"16d7c27e-a8f5-4729-b991-ffb526e06aea\"></object>\n<object type=\"application/kenticocloud\" data-type=\"component\" data-id=\"5f41422b-9655-4424-84ce-e0b6ed706cf9\"></object>"},{"components":[{"id":"4d685e28-8373-40d7-b142-012937e4b7fd","type":{"id":"01a99047-64c0-4c33-a399-10b01c89b62e"},"elements":[{"element":{"id":"43738698-0e94-4a9a-a9fa-316c4e490817"},"value":"2019 Sales"},{"components":[{"id":"bad30234-bab1-433d-864d-ad56f09cad3f","type":{"id":"881a8dbc-7541-49d7-8ba4-2e9fc834e739"},"elements":[{"element":{"id":"c30e7414-d956-48b1-95b5-997774f8ea04"},"value":18000}]},{"id":"783054e7-a252-49c5-b115-29d8c9474dfb","type":{"id":"881a8dbc-7541-49d7-8ba4-2e9fc834e739"},"elements":[{"element":{"id":"c30e7414-d956-48b1-95b5-997774f8ea04"},"value":21000}]},{"id":"aa6c859f-ef41-4526-a73d-9a2b5e424f2a","type":{"id":"881a8dbc-7541-49d7-8ba4-2e9fc834e739"},"elements":[{"element":{"id":"c30e7414-d956-48b1-95b5-997774f8ea04"},"value":14000}]}],"element":{"id":"04ebf35c-ebe5-4b0f-99b1-45c6661dd416"},"value":"<object type=\"application/kenticocloud\" data-type=\"component\" data-id=\"bad30234-bab1-433d-864d-ad56f09cad3f\"></object>\n<object type=\"application/kenticocloud\" data-type=\"component\" data-id=\"783054e7-a252-49c5-b115-29d8c9474dfb\"></object>\n<object type=\"application/kenticocloud\" data-type=\"component\" data-id=\"aa6c859f-ef41-4526-a73d-9a2b5e424f2a\"></object>"},{"element":{"id":"91bda971-0bfa-4302-8d1c-38afae2f4c77"},"value":[{"id":"6966d8ce-6301-45a8-a561-7d5ffd87eae5"}]},{"element":{"id":"9500a216-9e6c-430f-9ea5-8c33fddb432b"},"value":[{"id":"2f36ca9c-84fc-47e1-88b0-00c174289354"}]},{"element":{"id":"2509e7ee-7277-48f1-995f-f5971505fc8f"},"value":2}]},{"id":"5f505432-a4cc-4340-97a1-ba284d03f163","type":{"id":"01a99047-64c0-4c33-a399-10b01c89b62e"},"elements":[{"element":{"id":"43738698-0e94-4a9a-a9fa-316c4e490817"},"value":"2020 Sales"},{"components":[{"id":"07aa95c3-a7f7-4b5d-bad5-2beb77bcd91a","type":{"id":"881a8dbc-7541-49d7-8ba4-2e9fc834e739"},"elements":[{"element":{"id":"c30e7414-d956-48b1-95b5-997774f8ea04"},"value":25000}]},{"id":"46d1b70b-10d0-4eb4-86b8-f9e1fbe5685d","type":{"id":"881a8dbc-7541-49d7-8ba4-2e9fc834e739"},"elements":[{"element":{"id":"c30e7414-d956-48b1-95b5-997774f8ea04"},"value":31000}]},{"id":"ac8ebac6-222b-42bc-9bc8-66a9e2398ae5","type":{"id":"881a8dbc-7541-49d7-8ba4-2e9fc834e739"},"elements":[{"element":{"id":"c30e7414-d956-48b1-95b5-997774f8ea04"},"value":32000}]}],"element":{"id":"04ebf35c-ebe5-4b0f-99b1-45c6661dd416"},"value":"<object type=\"application/kenticocloud\" data-type=\"component\" data-id=\"07aa95c3-a7f7-4b5d-bad5-2beb77bcd91a\"></object>\n<object type=\"application/kenticocloud\" data-type=\"component\" data-id=\"46d1b70b-10d0-4eb4-86b8-f9e1fbe5685d\"></object>\n<object type=\"application/kenticocloud\" data-type=\"component\" data-id=\"ac8ebac6-222b-42bc-9bc8-66a9e2398ae5\"></object>"},{"element":{"id":"91bda971-0bfa-4302-8d1c-38afae2f4c77"},"value":[{"id":"da840b3d-447e-41de-a331-8d28c53127ab"}]},{"element":{"id":"9500a216-9e6c-430f-9ea5-8c33fddb432b"},"value":[{"id":"55093b8c-419a-4e4d-8607-dc9cad14568b"}]},{"element":{"id":"2509e7ee-7277-48f1-995f-f5971505fc8f"},"value":2}]}],"element":{"id":"3bbe0872-4f55-4e29-9a28-9007668b5c4b"},"value":"<object type=\"application/kenticocloud\" data-type=\"component\" data-id=\"4d685e28-8373-40d7-b142-012937e4b7fd\"></object>\n<object type=\"application/kenticocloud\" data-type=\"component\" data-id=\"5f505432-a4cc-4340-97a1-ba284d03f163\"></object>"}],"workflow_step":{"id":"c199950d-99f0-4983-b711-6c4c91624b22"},"item":{"id":"121c0db0-8070-4cc1-a882-a1aa9ca7283b"},"language":{"id":"00000000-0000-0000-0000-000000000000"},"last_modified":"2020-08-19T15:43:43.5895804Z"},{"elements":[{"element":{"id":"20af41bd-ac02-4dd9-a669-2b78559dbaf7"},"value":300},{"element":{"id":"34e9851a-91a2-4f9f-92b1-5bf5454e3300"},"value":600},{"element":{"id":"4f1ca264-0f8b-4604-b93b-374f1a4f714d"},"value":[{"id":"87c3266d-48de-4039-9af2-5212ef360b62"}]},{"components":[{"id":"44a3fa64-9d63-4fe2-b449-d969635fb4b3","type":{"id":"947e26f6-9d36-4763-8364-6de0db23239c"},"elements":[{"element":{"id":"111ef72e-4c44-4537-aef7-ff8bccdce29b"},"value":"January"}]},{"id":"16d7c27e-a8f5-4729-b991-ffb526e06aea","type":{"id":"947e26f6-9d36-4763-8364-6de0db23239c"},"elements":[{"element":{"id":"111ef72e-4c44-4537-aef7-ff8bccdce29b"},"value":"February"}]},{"id":"5f41422b-9655-4424-84ce-e0b6ed706cf9","type":{"id":"947e26f6-9d36-4763-8364-6de0db23239c"},"elements":[{"element":{"id":"111ef72e-4c44-4537-aef7-ff8bccdce29b"},"value":"March"}]}],"element":{"id":"ce5a5678-3ec9-4361-89e2-d578aa453997"},"value":"<object type=\"application/kenticocloud\" data-type=\"component\" data-id=\"44a3fa64-9d63-4fe2-b449-d969635fb4b3\"></object>\n<object type=\"application/kenticocloud\" data-type=\"component\" data-id=\"16d7c27e-a8f5-4729-b991-ffb526e06aea\"></object>\n<object type=\"application/kenticocloud\" data-type=\"component\" data-id=\"5f41422b-9655-4424-84ce-e0b6ed706cf9\"></object>"},{"components":[{"id":"4d685e28-8373-40d7-b142-012937e4b7fd","type":{"id":"01a99047-64c0-4c33-a399-10b01c89b62e"},"elements":[{"element":{"id":"43738698-0e94-4a9a-a9fa-316c4e490817"},"value":"2019 Sales"},{"components":[{"id":"bad30234-bab1-433d-864d-ad56f09cad3f","type":{"id":"881a8dbc-7541-49d7-8ba4-2e9fc834e739"},"elements":[{"element":{"id":"c30e7414-d956-48b1-95b5-997774f8ea04"},"value":18000}]},{"id":"783054e7-a252-49c5-b115-29d8c9474dfb","type":{"id":"881a8dbc-7541-49d7-8ba4-2e9fc834e739"},"elements":[{"element":{"id":"c30e7414-d956-48b1-95b5-997774f8ea04"},"value":21000}]},{"id":"aa6c859f-ef41-4526-a73d-9a2b5e424f2a","type":{"id":"881a8dbc-7541-49d7-8ba4-2e9fc834e739"},"elements":[{"element":{"id":"c30e7414-d956-48b1-95b5-997774f8ea04"},"value":14000}]}],"element":{"id":"04ebf35c-ebe5-4b0f-99b1-45c6661dd416"},"value":"<object type=\"application/kenticocloud\" data-type=\"component\" data-id=\"bad30234-bab1-433d-864d-ad56f09cad3f\"></object>\n<object type=\"application/kenticocloud\" data-type=\"component\" data-id=\"783054e7-a252-49c5-b115-29d8c9474dfb\"></object>\n<object type=\"application/kenticocloud\" data-type=\"component\" data-id=\"aa6c859f-ef41-4526-a73d-9a2b5e424f2a\"></object>"},{"element":{"id":"91bda971-0bfa-4302-8d1c-38afae2f4c77"},"value":[{"id":"6966d8ce-6301-45a8-a561-7d5ffd87eae5"}]},{"element":{"id":"9500a216-9e6c-430f-9ea5-8c33fddb432b"},"value":[{"id":"2f36ca9c-84fc-47e1-88b0-00c174289354"}]},{"element":{"id":"2509e7ee-7277-48f1-995f-f5971505fc8f"},"value":2}]},{"id":"5f505432-a4cc-4340-97a1-ba284d03f163","type":{"id":"01a99047-64c0-4c33-a399-10b01c89b62e"},"elements":[{"element":{"id":"43738698-0e94-4a9a-a9fa-316c4e490817"},"value":"2020 Sales"},{"components":[{"id":"07aa95c3-a7f7-4b5d-bad5-2beb77bcd91a","type":{"id":"881a8dbc-7541-49d7-8ba4-2e9fc834e739"},"elements":[{"element":{"id":"c30e7414-d956-48b1-95b5-997774f8ea04"},"value":25000}]},{"id":"46d1b70b-10d0-4eb4-86b8-f9e1fbe5685d","type":{"id":"881a8dbc-7541-49d7-8ba4-2e9fc834e739"},"elements":[{"element":{"id":"c30e7414-d956-48b1-95b5-997774f8ea04"},"value":31000}]},{"id":"ac8ebac6-222b-42bc-9bc8-66a9e2398ae5","type":{"id":"881a8dbc-7541-49d7-8ba4-2e9fc834e739"},"elements":[{"element":{"id":"c30e7414-d956-48b1-95b5-997774f8ea04"},"value":32000}]}],"element":{"id":"04ebf35c-ebe5-4b0f-99b1-45c6661dd416"},"value":"<object type=\"application/kenticocloud\" data-type=\"component\" data-id=\"07aa95c3-a7f7-4b5d-bad5-2beb77bcd91a\"></object>\n<object type=\"application/kenticocloud\" data-type=\"component\" data-id=\"46d1b70b-10d0-4eb4-86b8-f9e1fbe5685d\"></object>\n<object type=\"application/kenticocloud\" data-type=\"component\" data-id=\"ac8ebac6-222b-42bc-9bc8-66a9e2398ae5\"></object>"},{"element":{"id":"91bda971-0bfa-4302-8d1c-38afae2f4c77"},"value":[{"id":"da840b3d-447e-41de-a331-8d28c53127ab"}]},{"element":{"id":"9500a216-9e6c-430f-9ea5-8c33fddb432b"},"value":[{"id":"55093b8c-419a-4e4d-8607-dc9cad14568b"}]},{"element":{"id":"2509e7ee-7277-48f1-995f-f5971505fc8f"},"value":2}]}],"element":{"id":"3bbe0872-4f55-4e29-9a28-9007668b5c4b"},"value":"<object type=\"application/kenticocloud\" data-type=\"component\" data-id=\"4d685e28-8373-40d7-b142-012937e4b7fd\"></object>\n<object type=\"application/kenticocloud\" data-type=\"component\" data-id=\"5f505432-a4cc-4340-97a1-ba284d03f163\"></object>"}],"workflow_step":{"id":"c199950d-99f0-4983-b711-6c4c91624b22"},"item":{"id":"121c0db0-8070-4cc1-a882-a1aa9ca7283b"},"language":{"id":"00000000-0000-0000-0000-000000000000"},"last_modified":"2020-08-19T15:43:43.5895804Z"},{"elements":[{"element":{"id":"40a1d155-7dac-4e9f-a0ce-2f29f6fd50c5"},"value":300},{"element":{"id":"c3af7834-c321-4159-8f39-f504645daf35"},"value":600},{"element":{"id":"f58f1077-0185-41d0-8e95-c97546282164"},"value":[{"id":"87c3266d-48de-4039-9af2-5212ef360b62"}]},{"components":[{"id":"38bc280e-fa27-4ca0-ba5f-b59d9538df14","type":{"id":"947e26f6-9d36-4763-8364-6de0db23239c"},"elements":[{"element":{"id":"111ef72e-4c44-4537-aef7-ff8bccdce29b"},"value":"January"}]},{"id":"66db2f23-23d9-49c4-aa47-f41fd3d00940","type":{"id":"947e26f6-9d36-4763-8364-6de0db23239c"},"elements":[{"element":{"id":"111ef72e-4c44-4537-aef7-ff8bccdce29b"},"value":"February"}]},{"id":"889faf51-8839-4a1d-b76e-cbfdfa81da0f","type":{"id":"947e26f6-9d36-4763-8364-6de0db23239c"},"elements":[{"element":{"id":"111ef72e-4c44-4537-aef7-ff8bccdce29b"},"value":"March"}]}],"element":{"id":"ea7ee744-ca3b-4e19-ba63-2b9af1ccaa11"},"value":"<object type=\"application/kenticocloud\" data-type=\"component\" data-id=\"38bc280e-fa27-4ca0-ba5f-b59d9538df14\"></object>\n<object type=\"application/kenticocloud\" data-type=\"component\" data-id=\"66db2f23-23d9-49c4-aa47-f41fd3d00940\"></object>\n<object type=\"application/kenticocloud\" data-type=\"component\" data-id=\"889faf51-8839-4a1d-b76e-cbfdfa81da0f\"></object>"},{"components":[{"id":"0b5c9278-7c1b-4a66-b860-d845b4daf602","type":{"id":"01a99047-64c0-4c33-a399-10b01c89b62e"},"elements":[{"element":{"id":"43738698-0e94-4a9a-a9fa-316c4e490817"},"value":"Revenues"},{"components":[{"id":"6b25b832-ffe4-432f-8183-1a31de08c814","type":{"id":"881a8dbc-7541-49d7-8ba4-2e9fc834e739"},"elements":[{"element":{"id":"c30e7414-d956-48b1-95b5-997774f8ea04"},"value":18000}]},{"id":"3b9e5a37-2513-45b4-8519-ceb0b2299dd1","type":{"id":"881a8dbc-7541-49d7-8ba4-2e9fc834e739"},"elements":[{"element":{"id":"c30e7414-d956-48b1-95b5-997774f8ea04"},"value":21000}]},{"id":"b5ed5479-af03-45ea-98ac-a9973718f85a","type":{"id":"881a8dbc-7541-49d7-8ba4-2e9fc834e739"},"elements":[{"element":{"id":"c30e7414-d956-48b1-95b5-997774f8ea04"},"value":14000}]}],"element":{"id":"04ebf35c-ebe5-4b0f-99b1-45c6661dd416"},"value":"<object type=\"application/kenticocloud\" data-type=\"component\" data-id=\"6b25b832-ffe4-432f-8183-1a31de08c814\"></object>\n<object type=\"application/kenticocloud\" data-type=\"component\" data-id=\"3b9e5a37-2513-45b4-8519-ceb0b2299dd1\"></object>\n<object type=\"application/kenticocloud\" data-type=\"component\" data-id=\"b5ed5479-af03-45ea-98ac-a9973718f85a\"></object>"},{"element":{"id":"91bda971-0bfa-4302-8d1c-38afae2f4c77"},"value":[{"id":"973fccd6-48a5-4cc1-b2a1-fc91c6f3c443"}]},{"element":{"id":"9500a216-9e6c-430f-9ea5-8c33fddb432b"},"value":[{"id":"55093b8c-419a-4e4d-8607-dc9cad14568b"}]},{"element":{"id":"2509e7ee-7277-48f1-995f-f5971505fc8f"},"value":2}]},{"id":"f2db88f7-b892-4367-be5b-f2b7ad2f5980","type":{"id":"01a99047-64c0-4c33-a399-10b01c89b62e"},"elements":[{"element":{"id":"43738698-0e94-4a9a-a9fa-316c4e490817"},"value":"Expenses"},{"components":[{"id":"3873c3c4-47b4-47ec-8887-d4c2481898ab","type":{"id":"881a8dbc-7541-49d7-8ba4-2e9fc834e739"},"elements":[{"element":{"id":"c30e7414-d956-48b1-95b5-997774f8ea04"},"value":10000}]},{"id":"b834580b-4243-4664-bbb0-bae26eb1a4b7","type":{"id":"881a8dbc-7541-49d7-8ba4-2e9fc834e739"},"elements":[{"element":{"id":"c30e7414-d956-48b1-95b5-997774f8ea04"},"value":8000}]},{"id":"5fc05b52-9cb9-484a-ba24-dbfc22aa3d0c","type":{"id":"881a8dbc-7541-49d7-8ba4-2e9fc834e739"},"elements":[{"element":{"id":"c30e7414-d956-48b1-95b5-997774f8ea04"},"value":12000}]}],"element":{"id":"04ebf35c-ebe5-4b0f-99b1-45c6661dd416"},"value":"<object type=\"application/kenticocloud\" data-type=\"component\" data-id=\"3873c3c4-47b4-47ec-8887-d4c2481898ab\"></object>\n<object type=\"application/kenticocloud\" data-type=\"component\" data-id=\"b834580b-4243-4664-bbb0-bae26eb1a4b7\"></object>\n<object type=\"application/kenticocloud\" data-type=\"component\" data-id=\"5fc05b52-9cb9-484a-ba24-dbfc22aa3d0c\"></object>"},{"element":{"id":"91bda971-0bfa-4302-8d1c-38afae2f4c77"},"value":[{"id":"973fccd6-48a5-4cc1-b2a1-fc91c6f3c443"}]},{"element":{"id":"9500a216-9e6c-430f-9ea5-8c33fddb432b"},"value":[{"id":"2f36ca9c-84fc-47e1-88b0-00c174289354"}]},{"element":{"id":"2509e7ee-7277-48f1-995f-f5971505fc8f"},"value":2}]}],"element":{"id":"a7708a77-a324-48bf-bb64-72ca01704e37"},"value":"<object type=\"application/kenticocloud\" data-type=\"component\" data-id=\"0b5c9278-7c1b-4a66-b860-d845b4daf602\"></object>\n<object type=\"application/kenticocloud\" data-type=\"component\" data-id=\"f2db88f7-b892-4367-be5b-f2b7ad2f5980\"></object>"}],"workflow_step":{"id":"c199950d-99f0-4983-b711-6c4c91624b22"},"item":{"id":"7061f053-06f8-4b39-ac21-eacceded890d"},"language":{"id":"00000000-0000-0000-0000-000000000000"},"last_modified":"2020-08-19T15:47:43.5387444Z"},{"elements":[{"element":{"id":"20af41bd-ac02-4dd9-a669-2b78559dbaf7"},"value":300},{"element":{"id":"34e9851a-91a2-4f9f-92b1-5bf5454e3300"},"value":600},{"element":{"id":"4f1ca264-0f8b-4604-b93b-374f1a4f714d"},"value":[{"id":"87c3266d-48de-4039-9af2-5212ef360b62"}]},{"components":[{"id":"44a3fa64-9d63-4fe2-b449-d969635fb4b3","type":{"id":"947e26f6-9d36-4763-8364-6de0db23239c"},"elements":[{"element":{"id":"111ef72e-4c44-4537-aef7-ff8bccdce29b"},"value":"January"}]},{"id":"16d7c27e-a8f5-4729-b991-ffb526e06aea","type":{"id":"947e26f6-9d36-4763-8364-6de0db23239c"},"elements":[{"element":{"id":"111ef72e-4c44-4537-aef7-ff8bccdce29b"},"value":"February"}]},{"id":"5f41422b-9655-4424-84ce-e0b6ed706cf9","type":{"id":"947e26f6-9d36-4763-8364-6de0db23239c"},"elements":[{"element":{"id":"111ef72e-4c44-4537-aef7-ff8bccdce29b"},"value":"March"}]}],"element":{"id":"ce5a5678-3ec9-4361-89e2-d578aa453997"},"value":"<object type=\"application/kenticocloud\" data-type=\"component\" data-id=\"44a3fa64-9d63-4fe2-b449-d969635fb4b3\"></object>\n<object type=\"application/kenticocloud\" data-type=\"component\" data-id=\"16d7c27e-a8f5-4729-b991-ffb526e06aea\"></object>\n<object type=\"application/kenticocloud\" data-type=\"component\" data-id=\"5f41422b-9655-4424-84ce-e0b6ed706cf9\"></object>"},{"components":[{"id":"4d685e28-8373-40d7-b142-012937e4b7fd","type":{"id":"01a99047-64c0-4c33-a399-10b01c89b62e"},"elements":[{"element":{"id":"43738698-0e94-4a9a-a9fa-316c4e490817"},"value":"2019 Sales"},{"components":[{"id":"bad30234-bab1-433d-864d-ad56f09cad3f","type":{"id":"881a8dbc-7541-49d7-8ba4-2e9fc834e739"},"elements":[{"element":{"id":"c30e7414-d956-48b1-95b5-997774f8ea04"},"value":18000}]},{"id":"783054e7-a252-49c5-b115-29d8c9474dfb","type":{"id":"881a8dbc-7541-49d7-8ba4-2e9fc834e739"},"elements":[{"element":{"id":"c30e7414-d956-48b1-95b5-997774f8ea04"},"value":21000}]},{"id":"aa6c859f-ef41-4526-a73d-9a2b5e424f2a","type":{"id":"881a8dbc-7541-49d7-8ba4-2e9fc834e739"},"elements":[{"element":{"id":"c30e7414-d956-48b1-95b5-997774f8ea04"},"value":14000}]}],"element":{"id":"04ebf35c-ebe5-4b0f-99b1-45c6661dd416"},"value":"<object type=\"application/kenticocloud\" data-type=\"component\" data-id=\"bad30234-bab1-433d-864d-ad56f09cad3f\"></object>\n<object type=\"application/kenticocloud\" data-type=\"component\" data-id=\"783054e7-a252-49c5-b115-29d8c9474dfb\"></object>\n<object type=\"application/kenticocloud\" data-type=\"component\" data-id=\"aa6c859f-ef41-4526-a73d-9a2b5e424f2a\"></object>"},{"element":{"id":"91bda971-0bfa-4302-8d1c-38afae2f4c77"},"value":[{"id":"6966d8ce-6301-45a8-a561-7d5ffd87eae5"}]},{"element":{"id":"9500a216-9e6c-430f-9ea5-8c33fddb432b"},"value":[{"id":"2f36ca9c-84fc-47e1-88b0-00c174289354"}]},{"element":{"id":"2509e7ee-7277-48f1-995f-f5971505fc8f"},"value":2}]},{"id":"5f505432-a4cc-4340-97a1-ba284d03f163","type":{"id":"01a99047-64c0-4c33-a399-10b01c89b62e"},"elements":[{"element":{"id":"43738698-0e94-4a9a-a9fa-316c4e490817"},"value":"2020 Sales"},{"components":[{"id":"07aa95c3-a7f7-4b5d-bad5-2beb77bcd91a","type":{"id":"881a8dbc-7541-49d7-8ba4-2e9fc834e739"},"elements":[{"element":{"id":"c30e7414-d956-48b1-95b5-997774f8ea04"},"value":25000}]},{"id":"46d1b70b-10d0-4eb4-86b8-f9e1fbe5685d","type":{"id":"881a8dbc-7541-49d7-8ba4-2e9fc834e739"},"elements":[{"element":{"id":"c30e7414-d956-48b1-95b5-997774f8ea04"},"value":31000}]},{"id":"ac8ebac6-222b-42bc-9bc8-66a9e2398ae5","type":{"id":"881a8dbc-7541-49d7-8ba4-2e9fc834e739"},"elements":[{"element":{"id":"c30e7414-d956-48b1-95b5-997774f8ea04"},"value":32000}]}],"element":{"id":"04ebf35c-ebe5-4b0f-99b1-45c6661dd416"},"value":"<object type=\"application/kenticocloud\" data-type=\"component\" data-id=\"07aa95c3-a7f7-4b5d-bad5-2beb77bcd91a\"></object>\n<object type=\"application/kenticocloud\" data-type=\"component\" data-id=\"46d1b70b-10d0-4eb4-86b8-f9e1fbe5685d\"></object>\n<object type=\"application/kenticocloud\" data-type=\"component\" data-id=\"ac8ebac6-222b-42bc-9bc8-66a9e2398ae5\"></object>"},{"element":{"id":"91bda971-0bfa-4302-8d1c-38afae2f4c77"},"value":[{"id":"da840b3d-447e-41de-a331-8d28c53127ab"}]},{"element":{"id":"9500a216-9e6c-430f-9ea5-8c33fddb432b"},"value":[{"id":"55093b8c-419a-4e4d-8607-dc9cad14568b"}]},{"element":{"id":"2509e7ee-7277-48f1-995f-f5971505fc8f"},"value":2}]}],"element":{"id":"3bbe0872-4f55-4e29-9a28-9007668b5c4b"},"value":"<object type=\"application/kenticocloud\" data-type=\"component\" data-id=\"4d685e28-8373-40d7-b142-012937e4b7fd\"></object>\n<object type=\"application/kenticocloud\" data-type=\"component\" data-id=\"5f505432-a4cc-4340-97a1-ba284d03f163\"></object>"}],"workflow_step":{"id":"c199950d-99f0-4983-b711-6c4c91624b22"},"item":{"id":"121c0db0-8070-4cc1-a882-a1aa9ca7283b"},"language":{"id":"00000000-0000-0000-0000-000000000000"},"last_modified":"2020-08-19T15:43:43.5895804Z"},{"elements":[{"element":{"id":"40a1d155-7dac-4e9f-a0ce-2f29f6fd50c5"},"value":300},{"element":{"id":"c3af7834-c321-4159-8f39-f504645daf35"},"value":600},{"element":{"id":"f58f1077-0185-41d0-8e95-c97546282164"},"value":[{"id":"87c3266d-48de-4039-9af2-5212ef360b62"}]},{"components":[{"id":"38bc280e-fa27-4ca0-ba5f-b59d9538df14","type":{"id":"947e26f6-9d36-4763-8364-6de0db23239c"},"elements":[{"element":{"id":"111ef72e-4c44-4537-aef7-ff8bccdce29b"},"value":"January"}]},{"id":"66db2f23-23d9-49c4-aa47-f41fd3d00940","type":{"id":"947e26f6-9d36-4763-8364-6de0db23239c"},"elements":[{"element":{"id":"111ef72e-4c44-4537-aef7-ff8bccdce29b"},"value":"February"}]},{"id":"889faf51-8839-4a1d-b76e-cbfdfa81da0f","type":{"id":"947e26f6-9d36-4763-8364-6de0db23239c"},"elements":[{"element":{"id":"111ef72e-4c44-4537-aef7-ff8bccdce29b"},"value":"March"}]}],"element":{"id":"ea7ee744-ca3b-4e19-ba63-2b9af1ccaa11"},"value":"<object type=\"application/kenticocloud\" data-type=\"component\" data-id=\"38bc280e-fa27-4ca0-ba5f-b59d9538df14\"></object>\n<object type=\"application/kenticocloud\" data-type=\"component\" data-id=\"66db2f23-23d9-49c4-aa47-f41fd3d00940\"></object>\n<object type=\"application/kenticocloud\" data-type=\"component\" data-id=\"889faf51-8839-4a1d-b76e-cbfdfa81da0f\"></object>"},{"components":[{"id":"0b5c9278-7c1b-4a66-b860-d845b4daf602","type":{"id":"01a99047-64c0-4c33-a399-10b01c89b62e"},"elements":[{"element":{"id":"43738698-0e94-4a9a-a9fa-316c4e490817"},"value":"Revenues"},{"components":[{"id":"6b25b832-ffe4-432f-8183-1a31de08c814","type":{"id":"881a8dbc-7541-49d7-8ba4-2e9fc834e739"},"elements":[{"element":{"id":"c30e7414-d956-48b1-95b5-997774f8ea04"},"value":18000}]},{"id":"3b9e5a37-2513-45b4-8519-ceb0b2299dd1","type":{"id":"881a8dbc-7541-49d7-8ba4-2e9fc834e739"},"elements":[{"element":{"id":"c30e7414-d956-48b1-95b5-997774f8ea04"},"value":21000}]},{"id":"b5ed5479-af03-45ea-98ac-a9973718f85a","type":{"id":"881a8dbc-7541-49d7-8ba4-2e9fc834e739"},"elements":[{"element":{"id":"c30e7414-d956-48b1-95b5-997774f8ea04"},"value":14000}]}],"element":{"id":"04ebf35c-ebe5-4b0f-99b1-45c6661dd416"},"value":"<object type=\"application/kenticocloud\" data-type=\"component\" data-id=\"6b25b832-ffe4-432f-8183-1a31de08c814\"></object>\n<object type=\"application/kenticocloud\" data-type=\"component\" data-id=\"3b9e5a37-2513-45b4-8519-ceb0b2299dd1\"></object>\n<object type=\"application/kenticocloud\" data-type=\"component\" data-id=\"b5ed5479-af03-45ea-98ac-a9973718f85a\"></object>"},{"element":{"id":"91bda971-0bfa-4302-8d1c-38afae2f4c77"},"value":[{"id":"973fccd6-48a5-4cc1-b2a1-fc91c6f3c443"}]},{"element":{"id":"9500a216-9e6c-430f-9ea5-8c33fddb432b"},"value":[{"id":"55093b8c-419a-4e4d-8607-dc9cad14568b"}]},{"element":{"id":"2509e7ee-7277-48f1-995f-f5971505fc8f"},"value":2}]},{"id":"f2db88f7-b892-4367-be5b-f2b7ad2f5980","type":{"id":"01a99047-64c0-4c33-a399-10b01c89b62e"},"elements":[{"element":{"id":"43738698-0e94-4a9a-a9fa-316c4e490817"},"value":"Expenses"},{"components":[{"id":"3873c3c4-47b4-47ec-8887-d4c2481898ab","type":{"id":"881a8dbc-7541-49d7-8ba4-2e9fc834e739"},"elements":[{"element":{"id":"c30e7414-d956-48b1-95b5-997774f8ea04"},"value":10000}]},{"id":"b834580b-4243-4664-bbb0-bae26eb1a4b7","type":{"id":"881a8dbc-7541-49d7-8ba4-2e9fc834e739"},"elements":[{"element":{"id":"c30e7414-d956-48b1-95b5-997774f8ea04"},"value":8000}]},{"id":"5fc05b52-9cb9-484a-ba24-dbfc22aa3d0c","type":{"id":"881a8dbc-7541-49d7-8ba4-2e9fc834e739"},"elements":[{"element":{"id":"c30e7414-d956-48b1-95b5-997774f8ea04"},"value":12000}]}],"element":{"id":"04ebf35c-ebe5-4b0f-99b1-45c6661dd416"},"value":"<object type=\"application/kenticocloud\" data-type=\"component\" data-id=\"3873c3c4-47b4-47ec-8887-d4c2481898ab\"></object>\n<object type=\"application/kenticocloud\" data-type=\"component\" data-id=\"b834580b-4243-4664-bbb0-bae26eb1a4b7\"></object>\n<object type=\"application/kenticocloud\" data-type=\"component\" data-id=\"5fc05b52-9cb9-484a-ba24-dbfc22aa3d0c\"></object>"},{"element":{"id":"91bda971-0bfa-4302-8d1c-38afae2f4c77"},"value":[{"id":"973fccd6-48a5-4cc1-b2a1-fc91c6f3c443"}]},{"element":{"id":"9500a216-9e6c-430f-9ea5-8c33fddb432b"},"value":[{"id":"2f36ca9c-84fc-47e1-88b0-00c174289354"}]},{"element":{"id":"2509e7ee-7277-48f1-995f-f5971505fc8f"},"value":2}]}],"element":{"id":"a7708a77-a324-48bf-bb64-72ca01704e37"},"value":"<object type=\"application/kenticocloud\" data-type=\"component\" data-id=\"0b5c9278-7c1b-4a66-b860-d845b4daf602\"></object>\n<object type=\"application/kenticocloud\" data-type=\"component\" data-id=\"f2db88f7-b892-4367-be5b-f2b7ad2f5980\"></object>"}],"workflow_step":{"id":"c199950d-99f0-4983-b711-6c4c91624b22"},"item":{"id":"7061f053-06f8-4b39-ac21-eacceded890d"},"language":{"id":"00000000-0000-0000-0000-000000000000"},"last_modified":"2020-08-19T15:47:43.5387444Z"}]