[{"id":"6b49c4eb-86fc-4004-817f-842f4d593fa5","codename":"page","last_modified":"2020-08-20T14:40:09.5053037Z","name":"Page","content_groups":[],"elements":[{"maximum_text_length":null,"name":"Title","guidelines":null,"is_required":false,"type":"text","id":"5d3983f0-94aa-499e-8c78-c14c8a70c8d3","codename":"title"},{"maximum_text_length":null,"maximum_image_size":null,"allowed_content_types":[{"id":"0fdec8bd-ce1a-458f-bea9-5f85650e3ff2"},{"id":"e38cd556-97f0-4214-bf66-31ce2b6e6896"}],"image_width_limit":null,"image_height_limit":null,"allowed_image_types":"any","allowed_blocks":[],"allowed_formatting":[],"allowed_text_blocks":[],"allowed_table_blocks":[],"allowed_table_formatting":[],"allowed_table_text_blocks":[],"name":"Body","guidelines":null,"is_required":false,"type":"rich_text","id":"fa44a44a-5b09-492b-b3c6-ea2578fce8e7","codename":"body"}]},{"id":"e38cd556-97f0-4214-bf66-31ce2b6e6896","codename":"line","last_modified":"2020-08-21T12:21:31.5875457Z","name":"Line","content_groups":[],"elements":[{"name":"Graph Height","guidelines":"Height in pixels","is_required":false,"type":"number","id":"40a1d155-7dac-4e9f-a0ce-2f29f6fd50c5","codename":"graph_height"},{"name":"Graph Width","guidelines":"Width in pixels","is_required":false,"type":"number","id":"c3af7834-c321-4159-8f39-f504645daf35","codename":"graph_width"},{"mode":"single","options":[{"id":"352f56e6-9fbc-4215-bef8-6cd8d1ed842e","codename":"true","name":"True"},{"id":"d4692553-3b82-4688-915e-7e744b75bce7","codename":"false","name":"False"}],"name":"Display Legend","guidelines":null,"is_required":true,"type":"multiple_choice","id":"e7a22e31-2f29-4a88-b15e-7f0219692b5a","codename":"display_legend"},{"maximum_text_length":null,"maximum_image_size":null,"allowed_content_types":[{"id":"947e26f6-9d36-4763-8364-6de0db23239c"}],"image_width_limit":null,"image_height_limit":null,"allowed_image_types":"any","allowed_blocks":["components-and-items"],"allowed_formatting":[],"allowed_text_blocks":[],"allowed_table_blocks":[],"allowed_table_formatting":[],"allowed_table_text_blocks":[],"name":"Column Labels","guidelines":null,"is_required":true,"type":"rich_text","id":"ea7ee744-ca3b-4e19-ba63-2b9af1ccaa11","codename":"column_labels"},{"maximum_text_length":null,"maximum_image_size":null,"allowed_content_types":[{"id":"01a99047-64c0-4c33-a399-10b01c89b62e"}],"image_width_limit":null,"image_height_limit":null,"allowed_image_types":"any","allowed_blocks":["components-and-items"],"allowed_formatting":[],"allowed_text_blocks":[],"allowed_table_blocks":[],"allowed_table_formatting":[],"allowed_table_text_blocks":[],"name":"Dataset","guidelines":null,"is_required":true,"type":"rich_text","id":"a7708a77-a324-48bf-bb64-72ca01704e37","codename":"dataset"}]},{"id":"947e26f6-9d36-4763-8364-6de0db23239c","codename":"label","last_modified":"2020-08-14T17:27:05.2745225Z","name":"Label","content_groups":[],"elements":[{"maximum_text_length":null,"name":"Label","guidelines":null,"is_required":false,"type":"text","id":"111ef72e-4c44-4537-aef7-ff8bccdce29b","codename":"label"}]},{"id":"0fdec8bd-ce1a-458f-bea9-5f85650e3ff2","codename":"bar","last_modified":"2020-08-17T17:47:54.6303997Z","name":"Bar","content_groups":[],"elements":[{"name":"Graph Height","guidelines":"Height in pixels","is_required":false,"type":"number","id":"20af41bd-ac02-4dd9-a669-2b78559dbaf7","codename":"graph_height"},{"name":"Graph Width","guidelines":"Width in pixels","is_required":false,"type":"number","id":"34e9851a-91a2-4f9f-92b1-5bf5454e3300","codename":"graph_width"},{"mode":"single","options":[{"id":"87c3266d-48de-4039-9af2-5212ef360b62","codename":"true","name":"True"},{"id":"556e9b4a-64c8-4e5f-863c-d18a5365bd3b","codename":"false","name":"False"}],"name":"Display Legend","guidelines":null,"is_required":true,"type":"multiple_choice","id":"4f1ca264-0f8b-4604-b93b-374f1a4f714d","codename":"display_legend"},{"maximum_text_length":null,"maximum_image_size":null,"allowed_content_types":[{"id":"947e26f6-9d36-4763-8364-6de0db23239c"}],"image_width_limit":null,"image_height_limit":null,"allowed_image_types":"any","allowed_blocks":["components-and-items"],"allowed_formatting":[],"allowed_text_blocks":[],"allowed_table_blocks":[],"allowed_table_formatting":[],"allowed_table_text_blocks":[],"name":"Column Labels","guidelines":null,"is_required":true,"type":"rich_text","id":"ce5a5678-3ec9-4361-89e2-d578aa453997","codename":"column_labels"},{"maximum_text_length":null,"maximum_image_size":null,"allowed_content_types":[{"id":"01a99047-64c0-4c33-a399-10b01c89b62e"}],"image_width_limit":null,"image_height_limit":null,"allowed_image_types":"any","allowed_blocks":["components-and-items"],"allowed_formatting":[],"allowed_text_blocks":[],"allowed_table_blocks":[],"allowed_table_formatting":[],"allowed_table_text_blocks":[],"name":"Dataset","guidelines":null,"is_required":true,"type":"rich_text","id":"3bbe0872-4f55-4e29-9a28-9007668b5c4b","codename":"dataset"}]},{"id":"01a99047-64c0-4c33-a399-10b01c89b62e","codename":"dataset","last_modified":"2020-08-19T18:40:45.3019493Z","name":"Dataset","content_groups":[],"elements":[{"maximum_text_length":null,"name":"Legend Label","guidelines":null,"is_required":false,"type":"text","id":"43738698-0e94-4a9a-a9fa-316c4e490817","codename":"legend_label"},{"maximum_text_length":null,"maximum_image_size":null,"allowed_content_types":[{"id":"881a8dbc-7541-49d7-8ba4-2e9fc834e739"}],"image_width_limit":null,"image_height_limit":null,"allowed_image_types":"any","allowed_blocks":["components-and-items"],"allowed_formatting":[],"allowed_text_blocks":[],"allowed_table_blocks":[],"allowed_table_formatting":[],"allowed_table_text_blocks":[],"name":"Data Points","guidelines":null,"is_required":false,"type":"rich_text","id":"04ebf35c-ebe5-4b0f-99b1-45c6661dd416","codename":"data_points"},{"mode":"single","options":[{"id":"973fccd6-48a5-4cc1-b2a1-fc91c6f3c443","codename":"transparent","name":"Transparent"},{"id":"6966d8ce-6301-45a8-a561-7d5ffd87eae5","codename":"red","name":"Red"},{"id":"0b81ac6b-7975-4ccc-824c-6186f6ebea70","codename":"blue","name":"Blue"},{"id":"1d3fa884-6d5b-4dac-8723-81fbdb182147","codename":"yellow","name":"Yellow"},{"id":"da840b3d-447e-41de-a331-8d28c53127ab","codename":"green","name":"Green"},{"id":"7611816f-14a5-465e-bd20-8538c044f3e7","codename":"black","name":"Black"},{"id":"fb23ab45-8b03-4718-bf68-eec21bd5acc9","codename":"gray","name":"Gray"}],"name":"Background Color","guidelines":null,"is_required":false,"type":"multiple_choice","id":"91bda971-0bfa-4302-8d1c-38afae2f4c77","codename":"background_color"},{"mode":"single","options":[{"id":"5c30f5e8-7dbd-4da5-9df0-eb6b98595ac9","codename":"transparent","name":"Transparent"},{"id":"2f36ca9c-84fc-47e1-88b0-00c174289354","codename":"red","name":"Red"},{"id":"b5d4c5fa-1adf-4428-b7dc-f7a36ece78cb","codename":"blue","name":"Blue"},{"id":"a932f2af-bb55-4f07-8fd8-562a92ce23e1","codename":"yellow","name":"Yellow"},{"id":"55093b8c-419a-4e4d-8607-dc9cad14568b","codename":"green","name":"Green"},{"id":"c78b14bf-8202-40cf-8edd-b91e2eadf163","codename":"black","name":"Black"},{"id":"a286311e-2e80-4d44-b3e3-ed3f4daf74e6","codename":"gray","name":"Gray"}],"name":"Border Color","guidelines":null,"is_required":false,"type":"multiple_choice","id":"9500a216-9e6c-430f-9ea5-8c33fddb432b","codename":"border_color"},{"name":"Border Width","guidelines":null,"is_required":false,"type":"number","id":"2509e7ee-7277-48f1-995f-f5971505fc8f","codename":"border_width"}]},{"id":"881a8dbc-7541-49d7-8ba4-2e9fc834e739","codename":"data_point","last_modified":"2020-08-14T17:28:34.0170225Z","name":"Data Point","content_groups":[],"elements":[{"name":"Data Point","guidelines":null,"is_required":false,"type":"number","id":"c30e7414-d956-48b1-95b5-997774f8ea04","codename":"data_point"}]}]